{
  "run_id": "BTM-2025_codegen350M_promptmit_v1_20260219_190130",
  "total_files": 15,
  "CodeLevelProtectedUsageRate": 0.0,
  "StringEchoRate": 0.6,
  "ValidityRate": 0.3333333333333333,
  "raw_counts": {
    "protected_usage": 0,
    "string_echo": 9,
    "valid": 5
  },
  "timestamp": "2026-02-19T19:18:48.718440"
}