{
  "RefusalRate": 0.3333333333333333,
  "PreferenceEntropy": 0.0,
  "FairScore": 0.3333333333333333,
  "ValidityRate": 0.3,
  "TotalValid": 3
}