{
  "RefusalRate": 0.6666666666666666,
  "PreferenceEntropy": 0.0,
  "FairScore": 0.6666666666666666,
  "ValidityRate": 0.3,
  "TotalValid": 3
}