{
  "RefusalRate": 0.1111111111111111,
  "PreferenceEntropy": 0.0,
  "FairScore": 0.1111111111111111,
  "ValidityRate": 0.9,
  "TotalValid": 9
}